{
  "hash": "f5297fc6",
  "configHash": "b97db0ec",
  "lockfileHash": "a193d4e2",
  "browserHash": "08a65c5a",
  "optimized": {
    "@angular/common": {
      "src": "../../../../../node_modules/@angular/common/fesm2022/common.mjs",
      "file": "@angular_common.js",
      "fileHash": "9f3990e3",
      "needsInterop": false
    },
    "@angular/core": {
      "src": "../../../../../node_modules/@angular/core/fesm2022/core.mjs",
      "file": "@angular_core.js",
      "fileHash": "9b45278c",
      "needsInterop": false
    },
    "@angular/platform-browser": {
      "src": "../../../../../node_modules/@angular/platform-browser/fesm2022/platform-browser.mjs",
      "file": "@angular_platform-browser.js",
      "fileHash": "6ee2a9fa",
      "needsInterop": false
    },
    "@angular/router": {
      "src": "../../../../../node_modules/@angular/router/fesm2022/router.mjs",
      "file": "@angular_router.js",
      "fileHash": "8ab88f3f",
      "needsInterop": false
    }
  },
  "chunks": {
    "chunk-7ROEG5FO": {
      "file": "chunk-7ROEG5FO.js"
    },
    "chunk-2JOM4EE6": {
      "file": "chunk-2JOM4EE6.js"
    },
    "chunk-7UBRETAF": {
      "file": "chunk-7UBRETAF.js"
    }
  }
}